{
  "providers": {
    "awscloudformation": {
      "AuthRoleName": "amplify-amplifye33edfd3e3134-staging-173411-authRole",
      "UnauthRoleArn": "arn:aws:iam::252618512867:role/amplify-amplifye33edfd3e3134-staging-173411-unauthRole",
      "AuthRoleArn": "arn:aws:iam::252618512867:role/amplify-amplifye33edfd3e3134-staging-173411-authRole",
      "Region": "eu-west-2",
      "DeploymentBucketName": "amplify-amplifye33edfd3e3134-staging-173411-deployment",
      "UnauthRoleName": "amplify-amplifye33edfd3e3134-staging-173411-unauthRole",
      "StackName": "amplify-amplifye33edfd3e3134-staging-173411",
      "StackId": "arn:aws:cloudformation:eu-west-2:252618512867:stack/amplify-amplifye33edfd3e3134-staging-173411/1bbcd980-bc45-11ed-a077-0a8dfb4270be",
      "AmplifyAppId": "d3f6u210ucoy44"
    }
  },
  "api": {
    "weekmenu": {
      "dependsOn": [
        {
          "attributes": [
            "UserPoolId"
          ],
          "category": "auth",
          "resourceName": "weekmenu2aedb9fc"
        }
      ],
      "output": {
        "authConfig": {
          "additionalAuthenticationProviders": [
            {
              "authenticationType": "AWS_IAM"
            },
            {
              "authenticationType": "AMAZON_COGNITO_USER_POOLS",
              "userPoolConfig": {
                "userPoolId": "authweekmenu2aedb9fc"
              }
            }
          ],
          "defaultAuthentication": {
            "authenticationType": "API_KEY",
            "apiKeyConfig": {
              "apiKeyExpirationDays": 30,
              "description": "api key description"
            }
          }
        },
        "GraphQLAPIIdOutput": "xusugvxne5fdxkzcyrn6oo7nsq",
        "GraphQLAPIEndpointOutput": "https://4emghn7thvftfbeesyqrofcoqa.appsync-api.eu-west-2.amazonaws.com/graphql",
        "GraphQLAPIKeyOutput": "da2-k5uxii4k3rb2bie6ykayevkba4"
      },
      "providerPlugin": "awscloudformation",
      "service": "AppSync",
      "lastPushTimeStamp": "2023-07-08T19:05:02.274Z",
      "providerMetadata": {
        "s3TemplateURL": "https://s3.amazonaws.com/amplify-amplifye33edfd3e3134-staging-173411-deployment/amplify-cfn-templates/api/cloudformation-template.json",
        "logicalId": "apiweekmenu"
      },
      "lastPushDirHash": "AYP919A2z85DqUHapqEPhJPAwiE="
    }
  },
  "auth": {
    "weekmenu2aedb9fc": {
      "customAuth": false,
      "dependsOn": [],
      "frontendAuthConfig": {
        "mfaConfiguration": "OFF",
        "mfaTypes": [
          "SMS"
        ],
        "passwordProtectionSettings": {
          "passwordPolicyMinLength": 8,
          "passwordPolicyCharacters": []
        },
        "signupAttributes": [
          "EMAIL"
        ],
        "socialProviders": [],
        "usernameAttributes": [],
        "verificationMechanisms": [
          "EMAIL"
        ]
      },
      "providerPlugin": "awscloudformation",
      "service": "Cognito",
      "output": {
        "UserPoolId": "eu-west-2_GSyZx0FT0",
        "AppClientIDWeb": "60r0pciegumou5tru422vmigmh",
        "AppClientID": "39rrs17ien5kite5b5s1hi4v92",
        "IdentityPoolId": "eu-west-2:50911c2e-f95d-414d-a13f-c434fc73b579",
        "UserPoolArn": "arn:aws:cognito-idp:eu-west-2:252618512867:userpool/eu-west-2_GSyZx0FT0",
        "IdentityPoolName": "weekmenu2aedb9fc_identitypool_2aedb9fc__staging",
        "UserPoolName": "weekmenu2aedb9fc_userpool_2aedb9fc"
      },
      "lastPushTimeStamp": "2023-07-08T19:05:02.225Z",
      "providerMetadata": {
        "s3TemplateURL": "https://s3.amazonaws.com/amplify-amplifye33edfd3e3134-staging-173411-deployment/amplify-cfn-templates/auth/weekmenu2aedb9fc-cloudformation-template.json",
        "logicalId": "authweekmenu2aedb9fc"
      }
    }
  }
}